{"cameraMode":{"drawMode":0,"name":"Shaded","section":"Shading Mode"},"sceneLighting":false,"audioPlay":false,"sceneViewState":{"m_AlwaysRefresh":false,"showFog":false,"showSkybox":false,"showFlares":false,"showImageEffects":false,"showParticleSystems":false,"showVisualEffectGraphs":true,"m_FxEnabled":true},"in2DMode":false,"pivot":{"x":-1.2351902723312379,"y":-1.9769014120101929,"z":-21.333707809448243},"rotation":{"x":-0.0013755949912592769,"y":0.9984480738639832,"z":-0.052188947796821597,"w":-0.03180231153964996},"size":11.342692375183106,"orthographic":false}