{"cameraMode":{"drawMode":0,"name":"Shaded","section":"Shading Mode"},"sceneLighting":true,"audioPlay":false,"sceneViewState":{"m_AlwaysRefresh":false,"showFog":true,"showSkybox":true,"showFlares":true,"showImageEffects":true,"showParticleSystems":true,"showVisualEffectGraphs":true,"m_FxEnabled":true},"in2DMode":false,"pivot":{"x":-10.384112358093262,"y":6.382702350616455,"z":-8.96337890625},"rotation":{"x":0.00039010521140880883,"y":-0.9872899055480957,"z":-0.0029758119489997627,"w":-0.15919072926044465},"size":0.9712335467338562,"orthographic":false}