{"cameraMode":{"drawMode":0,"name":"Shaded","section":"Shading Mode"},"sceneLighting":false,"audioPlay":false,"sceneViewState":{"m_AlwaysRefresh":false,"showFog":true,"showSkybox":true,"showFlares":true,"showImageEffects":true,"showParticleSystems":true,"showVisualEffectGraphs":true,"m_FxEnabled":true},"in2DMode":false,"pivot":{"x":130.3169708251953,"y":15.204920768737793,"z":-104.98465728759766},"rotation":{"x":-0.009224039502441883,"y":0.8841550350189209,"z":0.02260706201195717,"w":0.4678100049495697},"size":87.61105346679688,"orthographic":false}