{"cameraMode":{"drawMode":0,"name":"Shaded","section":"Shading Mode"},"sceneLighting":true,"audioPlay":false,"sceneViewState":{"m_AlwaysRefresh":false,"showFog":true,"showSkybox":true,"showFlares":true,"showImageEffects":true,"showParticleSystems":true,"showVisualEffectGraphs":true,"m_FxEnabled":true},"in2DMode":false,"pivot":{"x":-15.912047386169434,"y":6.566407203674316,"z":-13.937721252441407},"rotation":{"x":0.04195747151970863,"y":-0.9230145812034607,"z":0.14448051154613496,"w":0.35754039883613589},"size":0.9089837074279785,"orthographic":false}