{"cameraMode":{"drawMode":0,"name":"Shaded","section":"Shading Mode"},"sceneLighting":false,"audioPlay":false,"sceneViewState":{"m_AlwaysRefresh":false,"showFog":true,"showSkybox":true,"showFlares":true,"showImageEffects":true,"showParticleSystems":true,"showVisualEffectGraphs":true,"m_FxEnabled":true},"in2DMode":false,"pivot":{"x":68.01081848144531,"y":-86.19366455078125,"z":231.49447631835938},"rotation":{"x":0.15122126042842866,"y":0.15599548816680909,"z":-0.021723361685872079,"w":0.9761964082717896},"size":147.5232391357422,"orthographic":false}