{"cameraMode":{"drawMode":0,"name":"Shaded","section":"Shading Mode"},"sceneLighting":false,"audioPlay":false,"sceneViewState":{"m_AlwaysRefresh":false,"showFog":true,"showSkybox":true,"showFlares":true,"showImageEffects":true,"showParticleSystems":true,"showVisualEffectGraphs":true,"m_FxEnabled":true},"in2DMode":false,"pivot":{"x":85.14948272705078,"y":22.615203857421876,"z":185.59506225585938},"rotation":{"x":0.039073362946510318,"y":-0.24591290950775147,"z":-0.011887874454259873,"w":-0.9689934849739075},"size":104.09880828857422,"orthographic":false}