{"cameraMode":{"drawMode":0,"name":"Shaded","section":"Shading Mode"},"sceneLighting":false,"audioPlay":false,"sceneViewState":{"m_AlwaysRefresh":false,"showFog":true,"showSkybox":true,"showFlares":true,"showImageEffects":true,"showParticleSystems":true,"showVisualEffectGraphs":true,"m_FxEnabled":true},"in2DMode":false,"pivot":{"x":-176.3695068359375,"y":-13.938822746276856,"z":2.800194501876831},"rotation":{"x":0.042414817959070209,"y":-0.7091996073722839,"z":0.042823344469070438,"w":0.7024341821670532},"size":81.39410400390625,"orthographic":false}