{"cameraMode":{"drawMode":0,"name":"Shaded","section":"Shading Mode"},"sceneLighting":false,"audioPlay":false,"sceneViewState":{"m_AlwaysRefresh":false,"showFog":true,"showSkybox":true,"showFlares":true,"showImageEffects":true,"showParticleSystems":true,"showVisualEffectGraphs":true,"m_FxEnabled":true},"in2DMode":false,"pivot":{"x":-40.706024169921878,"y":1.4266868829727173,"z":189.17108154296876},"rotation":{"x":0.011526721529662609,"y":-0.08640140295028687,"z":0.0027321770321577789,"w":0.9967349171638489},"size":104.09880828857422,"orthographic":false}