{"cameraMode":{"drawMode":0,"name":"Shaded","section":"Shading Mode"},"sceneLighting":false,"audioPlay":false,"sceneViewState":{"m_AlwaysRefresh":false,"showFog":true,"showSkybox":true,"showFlares":true,"showImageEffects":true,"showParticleSystems":true,"showVisualEffectGraphs":true,"m_FxEnabled":true},"in2DMode":false,"pivot":{"x":156.6397247314453,"y":4.962045669555664,"z":-39.317161560058597},"rotation":{"x":0.004536103457212448,"y":0.784525454044342,"z":-0.0017886538989841939,"w":0.6210209727287293},"size":87.61105346679688,"orthographic":false}