{"cameraMode":{"drawMode":0,"name":"Shaded","section":"Shading Mode"},"sceneLighting":false,"audioPlay":false,"sceneViewState":{"m_AlwaysRefresh":false,"showFog":true,"showSkybox":true,"showFlares":true,"showImageEffects":true,"showParticleSystems":true,"showVisualEffectGraphs":true,"m_FxEnabled":true},"in2DMode":false,"pivot":{"x":67.84652709960938,"y":3.0609724521636965,"z":186.59144592285157},"rotation":{"x":0.00741890724748373,"y":0.20320571959018708,"z":0.00023105961736291647,"w":0.9796623587608337},"size":104.09880828857422,"orthographic":false}