{"cameraMode":{"drawMode":0,"name":"Shaded","section":"Shading Mode"},"sceneLighting":true,"audioPlay":false,"sceneViewState":{"m_AlwaysRefresh":false,"showFog":true,"showSkybox":true,"showFlares":true,"showImageEffects":true,"showParticleSystems":true,"showVisualEffectGraphs":true,"m_FxEnabled":true},"in2DMode":false,"pivot":{"x":-14.587923049926758,"y":5.989339828491211,"z":-1.6192110776901246},"rotation":{"x":0.07110126316547394,"y":-0.24888290464878083,"z":0.0183798186480999,"w":0.9658080339431763},"size":0.9712335467338562,"orthographic":false}