{"cameraMode":{"drawMode":0,"name":"Shaded","section":"Shading Mode"},"sceneLighting":false,"audioPlay":false,"sceneViewState":{"m_AlwaysRefresh":false,"showFog":true,"showSkybox":true,"showFlares":true,"showImageEffects":true,"showParticleSystems":true,"showVisualEffectGraphs":true,"m_FxEnabled":true},"in2DMode":false,"pivot":{"x":908.6702880859375,"y":554.1405639648438,"z":-613.4635620117188},"rotation":{"x":-0.03570526838302612,"y":0.008339970372617245,"z":-0.0028567002154886724,"w":-0.9998854398727417},"size":359.66387939453127,"orthographic":false}