{"cameraMode":{"drawMode":0,"name":"Shaded","section":"Shading Mode"},"sceneLighting":false,"audioPlay":false,"sceneViewState":{"m_AlwaysRefresh":false,"showFog":true,"showSkybox":true,"showFlares":true,"showImageEffects":true,"showParticleSystems":true,"showVisualEffectGraphs":true,"m_FxEnabled":true},"in2DMode":false,"pivot":{"x":566.3245239257813,"y":104.88948822021485,"z":-358.068359375},"rotation":{"x":0.013795498758554459,"y":-0.014053190127015114,"z":0.0005826987326145172,"w":-0.9999263286590576},"size":0.9333828091621399,"orthographic":false}