{"cameraMode":{"drawMode":0,"name":"Shaded","section":"Shading Mode"},"sceneLighting":false,"audioPlay":false,"sceneViewState":{"m_AlwaysRefresh":false,"showFog":true,"showSkybox":true,"showFlares":true,"showImageEffects":true,"showParticleSystems":true,"showVisualEffectGraphs":true,"m_FxEnabled":true},"in2DMode":false,"pivot":{"x":105.1550064086914,"y":-53.42835235595703,"z":265.3374938964844},"rotation":{"x":-0.09785221517086029,"y":-0.19378593564033509,"z":0.016409579664468766,"w":-0.9763165712356567},"size":147.54713439941407,"orthographic":false}