{"cameraMode":{"drawMode":0,"name":"Shaded","section":"Shading Mode"},"sceneLighting":false,"audioPlay":false,"sceneViewState":{"m_AlwaysRefresh":false,"showFog":true,"showSkybox":true,"showFlares":true,"showImageEffects":true,"showParticleSystems":true,"showVisualEffectGraphs":true,"m_FxEnabled":true},"in2DMode":false,"pivot":{"x":124.51512145996094,"y":98.60485076904297,"z":-28.877960205078126},"rotation":{"x":-0.029699008911848069,"y":-0.13567671179771424,"z":0.0022258348762989046,"w":-0.9908641576766968},"size":104.09880828857422,"orthographic":false}