{"cameraMode":{"drawMode":0,"name":"Shaded","section":"Shading Mode"},"sceneLighting":false,"audioPlay":false,"sceneViewState":{"m_AlwaysRefresh":false,"showFog":true,"showSkybox":true,"showFlares":true,"showImageEffects":true,"showParticleSystems":true,"showVisualEffectGraphs":true,"m_FxEnabled":true},"in2DMode":false,"pivot":{"x":-130.16900634765626,"y":3.7058563232421877,"z":169.02659606933595},"rotation":{"x":-0.004681579302996397,"y":0.30509716272354128,"z":-0.004131854046136141,"w":-0.9528881907463074},"size":104.25496673583985,"orthographic":false}