{"cameraMode":{"drawMode":0,"name":"Shaded","section":"Shading Mode"},"sceneLighting":false,"audioPlay":false,"sceneViewState":{"m_AlwaysRefresh":false,"showFog":true,"showSkybox":true,"showFlares":true,"showImageEffects":true,"showParticleSystems":true,"showVisualEffectGraphs":true,"m_FxEnabled":true},"in2DMode":false,"pivot":{"x":126.26971435546875,"y":-19.206987380981447,"z":154.79916381835938},"rotation":{"x":0.05613432452082634,"y":0.3677801787853241,"z":-0.020422538742423059,"w":0.9285780191421509},"size":104.09880828857422,"orthographic":false}