{"cameraMode":{"drawMode":0,"name":"Shaded","section":"Shading Mode"},"sceneLighting":false,"audioPlay":false,"sceneViewState":{"m_AlwaysRefresh":false,"showFog":true,"showSkybox":true,"showFlares":true,"showImageEffects":true,"showParticleSystems":true,"showVisualEffectGraphs":true,"m_FxEnabled":true},"in2DMode":false,"pivot":{"x":220.5583038330078,"y":20.458744049072267,"z":128.70175170898438},"rotation":{"x":-0.02577981725335121,"y":0.48783743381500246,"z":0.014736177399754525,"w":0.8726598024368286},"size":135.86424255371095,"orthographic":false}