{"cameraMode":{"drawMode":0,"name":"Shaded","section":"Shading Mode"},"sceneLighting":false,"audioPlay":false,"sceneViewState":{"m_AlwaysRefresh":false,"showFog":true,"showSkybox":true,"showFlares":true,"showImageEffects":true,"showParticleSystems":true,"showVisualEffectGraphs":true,"m_FxEnabled":true},"in2DMode":false,"pivot":{"x":-2.5537796020507814,"y":24.296371459960939,"z":188.11326599121095},"rotation":{"x":-0.05366497486829758,"y":-0.007178777363151312,"z":-0.00035766957444138825,"w":0.9985820651054382},"size":99.48225402832031,"orthographic":false}