{"cameraMode":{"drawMode":0,"name":"Shaded","section":"Shading Mode"},"sceneLighting":false,"audioPlay":false,"sceneViewState":{"m_AlwaysRefresh":false,"showFog":true,"showSkybox":true,"showFlares":true,"showImageEffects":true,"showParticleSystems":true,"showVisualEffectGraphs":true,"m_FxEnabled":true},"in2DMode":false,"pivot":{"x":28.12139892578125,"y":-4.582252025604248,"z":33.777076721191409},"rotation":{"x":0.19695189595222474,"y":0.025302676483988763,"z":-0.005086741875857115,"w":0.9800964593887329},"size":14.856467247009278,"orthographic":false}