{"cameraMode":{"drawMode":0,"name":"Shaded","section":"Shading Mode"},"sceneLighting":false,"audioPlay":false,"sceneViewState":{"m_AlwaysRefresh":false,"showFog":true,"showSkybox":true,"showFlares":true,"showImageEffects":true,"showParticleSystems":true,"showVisualEffectGraphs":true,"m_FxEnabled":true},"in2DMode":false,"pivot":{"x":12.138277053833008,"y":-188.31822204589845,"z":-243.5569305419922},"rotation":{"x":-0.026986055076122285,"y":-0.9311567544937134,"z":0.3586556017398834,"w":-0.06411495059728623},"size":147.54713439941407,"orthographic":false}