{"cameraMode":{"drawMode":0,"name":"Shaded","section":"Shading Mode"},"sceneLighting":false,"audioPlay":false,"sceneViewState":{"m_AlwaysRefresh":false,"showFog":true,"showSkybox":true,"showFlares":true,"showImageEffects":true,"showParticleSystems":true,"showVisualEffectGraphs":true,"m_FxEnabled":true},"in2DMode":false,"pivot":{"x":-15.788725852966309,"y":7.253423690795898,"z":2.1009035110473635},"rotation":{"x":0.21619777381420136,"y":0.34894150495529177,"z":-0.08089257776737213,"w":0.9088242650032044},"size":0.5044772028923035,"orthographic":false}