{"cameraMode":{"drawMode":0,"name":"Shaded","section":"Shading Mode"},"sceneLighting":true,"audioPlay":false,"sceneViewState":{"m_AlwaysRefresh":false,"showFog":true,"showSkybox":true,"showFlares":true,"showImageEffects":true,"showParticleSystems":true,"showVisualEffectGraphs":true,"m_FxEnabled":true},"in2DMode":false,"pivot":{"x":-1.8943088054656983,"y":5.979223728179932,"z":1.7572276592254639},"rotation":{"x":-0.056650325655937198,"y":-0.7111496329307556,"z":0.05532786250114441,"w":-0.6992713809013367},"size":0.16873116791248322,"orthographic":false}