{"cameraMode":{"drawMode":0,"name":"Shaded","section":"Shading Mode"},"sceneLighting":false,"audioPlay":false,"sceneViewState":{"m_AlwaysRefresh":false,"showFog":true,"showSkybox":true,"showFlares":true,"showImageEffects":true,"showParticleSystems":true,"showVisualEffectGraphs":true,"m_FxEnabled":true},"in2DMode":false,"pivot":{"x":-209.8758544921875,"y":0.09490953385829926,"z":-187.458740234375},"rotation":{"x":-0.0002480486291460693,"y":0.913400411605835,"z":-0.005157282575964928,"w":-0.40767842531204226},"size":147.54713439941407,"orthographic":false}