{"cameraMode":{"drawMode":0,"name":"Shaded","section":"Shading Mode"},"sceneLighting":true,"audioPlay":false,"sceneViewState":{"m_AlwaysRefresh":false,"showFog":true,"showSkybox":true,"showFlares":true,"showImageEffects":true,"showParticleSystems":true,"showVisualEffectGraphs":true,"m_FxEnabled":true},"in2DMode":false,"pivot":{"x":-0.868340790271759,"y":6.329977512359619,"z":-10.877273559570313},"rotation":{"x":0.008623220957815647,"y":0.9572793245315552,"z":-0.028729934245347978,"w":0.28764304518699648},"size":0.9712335467338562,"orthographic":false}