{"cameraMode":{"drawMode":0,"name":"Shaded","section":"Shading Mode"},"sceneLighting":false,"audioPlay":false,"sceneViewState":{"m_AlwaysRefresh":false,"showFog":true,"showSkybox":true,"showFlares":true,"showImageEffects":true,"showParticleSystems":true,"showVisualEffectGraphs":true,"m_FxEnabled":true},"in2DMode":false,"pivot":{"x":-5.074545383453369,"y":2.15864896774292,"z":-7.955509662628174},"rotation":{"x":-0.00002435258102195803,"y":0.43544963002204897,"z":0.0026857848279178144,"w":0.900585949420929},"size":0.8660253882408142,"orthographic":false}