{"cameraMode":{"drawMode":0,"name":"Shaded","section":"Shading Mode"},"sceneLighting":false,"audioPlay":false,"sceneViewState":{"m_AlwaysRefresh":false,"showFog":true,"showSkybox":true,"showFlares":true,"showImageEffects":true,"showParticleSystems":true,"showVisualEffectGraphs":true,"m_FxEnabled":true},"in2DMode":false,"pivot":{"x":40.545536041259769,"y":0.6329420208930969,"z":28.161579132080079},"rotation":{"x":-0.05808918550610542,"y":-0.5137434005737305,"z":0.03488767147064209,"w":-0.8553003668785095},"size":7.965068340301514,"orthographic":false}