{"cameraMode":{"drawMode":0,"name":"Shaded","section":"Shading Mode"},"sceneLighting":false,"audioPlay":false,"sceneViewState":{"m_AlwaysRefresh":false,"showFog":true,"showSkybox":true,"showFlares":true,"showImageEffects":true,"showParticleSystems":true,"showVisualEffectGraphs":true,"m_FxEnabled":true},"in2DMode":false,"pivot":{"x":-7.755300521850586,"y":-56.382137298583987,"z":184.38330078125},"rotation":{"x":0.1521630734205246,"y":-0.014129573479294777,"z":0.0038692052476108076,"w":0.9887959957122803},"size":104.09880828857422,"orthographic":false}