{"cameraMode":{"drawMode":0,"name":"Shaded","section":"Shading Mode"},"sceneLighting":false,"audioPlay":false,"sceneViewState":{"m_AlwaysRefresh":false,"showFog":true,"showSkybox":true,"showFlares":true,"showImageEffects":true,"showParticleSystems":true,"showVisualEffectGraphs":true,"m_FxEnabled":true},"in2DMode":false,"pivot":{"x":30.355030059814454,"y":1.8775217533111573,"z":42.69474411010742},"rotation":{"x":-0.0016962602967396379,"y":0.9830834269523621,"z":0.008524109609425068,"w":0.1834278404712677},"size":3.9469268321990969,"orthographic":false}