{"cameraMode":{"drawMode":0,"name":"Shaded","section":"Shading Mode"},"sceneLighting":false,"audioPlay":false,"sceneViewState":{"m_AlwaysRefresh":false,"showFog":true,"showSkybox":true,"showFlares":true,"showImageEffects":true,"showParticleSystems":true,"showVisualEffectGraphs":true,"m_FxEnabled":true},"in2DMode":false,"pivot":{"x":127.7304458618164,"y":-18.225818634033204,"z":266.8503112792969},"rotation":{"x":-0.03717232868075371,"y":-0.2369290292263031,"z":0.007157709915190935,"w":-0.9710519909858704},"size":147.54713439941407,"orthographic":false}