{"cameraMode":{"drawMode":0,"name":"Shaded","section":"Shading Mode"},"sceneLighting":true,"audioPlay":false,"sceneViewState":{"m_AlwaysRefresh":false,"showFog":true,"showSkybox":true,"showFlares":true,"showImageEffects":true,"showParticleSystems":true,"showVisualEffectGraphs":true,"m_FxEnabled":true},"in2DMode":false,"pivot":{"x":-10.206964492797852,"y":6.715297698974609,"z":-10.77004623413086},"rotation":{"x":-0.05012979730963707,"y":-0.8585270047187805,"z":0.08554061502218247,"w":-0.5031159520149231},"size":0.015024694614112378,"orthographic":false}