{"cameraMode":{"drawMode":0,"name":"Shaded","section":"Shading Mode"},"sceneLighting":false,"audioPlay":false,"sceneViewState":{"m_AlwaysRefresh":false,"showFog":true,"showSkybox":true,"showFlares":true,"showImageEffects":true,"showParticleSystems":true,"showVisualEffectGraphs":true,"m_FxEnabled":true},"in2DMode":false,"pivot":{"x":4.910856246948242,"y":7.2435760498046879,"z":-4.3691935539245609},"rotation":{"x":0.2726413607597351,"y":-0.11914559453725815,"z":-0.038163840770721439,"w":-0.9546261429786682},"size":0.4431516230106354,"orthographic":false}