{"cameraMode":{"drawMode":0,"name":"Shaded","section":"Shading Mode"},"sceneLighting":false,"audioPlay":false,"sceneViewState":{"m_AlwaysRefresh":false,"showFog":true,"showSkybox":true,"showFlares":true,"showImageEffects":true,"showParticleSystems":true,"showVisualEffectGraphs":true,"m_FxEnabled":true},"in2DMode":false,"pivot":{"x":-15.868379592895508,"y":7.542146682739258,"z":0.6957642436027527},"rotation":{"x":-0.04145544767379761,"y":-0.7390064001083374,"z":0.04177670180797577,"w":-0.6717286705970764},"size":0.8498634099960327,"orthographic":false}