{"cameraMode":{"drawMode":0,"name":"Shaded","section":"Shading Mode"},"sceneLighting":true,"audioPlay":false,"sceneViewState":{"m_AlwaysRefresh":false,"showFog":true,"showSkybox":true,"showFlares":true,"showImageEffects":true,"showParticleSystems":true,"showVisualEffectGraphs":true,"m_FxEnabled":true},"in2DMode":false,"pivot":{"x":1.0603532791137696,"y":6.816596031188965,"z":-13.609984397888184},"rotation":{"x":-0.08038339018821717,"y":0.8554739356040955,"z":-0.13955333828926087,"w":-0.4926261901855469},"size":0.1269407719373703,"orthographic":false}