{"cameraMode":{"drawMode":0,"name":"Shaded","section":"Shading Mode"},"sceneLighting":false,"audioPlay":false,"sceneViewState":{"m_AlwaysRefresh":false,"showFog":false,"showSkybox":false,"showFlares":false,"showImageEffects":false,"showParticleSystems":false,"showVisualEffectGraphs":true,"m_FxEnabled":true},"in2DMode":false,"pivot":{"x":0.5559938549995422,"y":-7.412093639373779,"z":-26.908445358276368},"rotation":{"x":-0.0009583120699971914,"y":0.9840632677078247,"z":-0.178777277469635,"w":-0.0028476612642407419},"size":16.218055725097658,"orthographic":false}